<?xml version="1.0" ?>
<LOG_ROOT>
	<PROJECT NAME="cpu_8">
		<CBX_INST_ENTRY INSTANCE_NAME="|cpu_8|lpm_counter32:inst8|lpm_counter:lpm_counter_component" CBX_FILE_NAME="cntr_t2j.tdf"/>
		<CBX_INST_ENTRY INSTANCE_NAME="|cpu_8|reg_group:inst1|lpm_mux0:inst8|LPM_MUX:lpm_mux_component" CBX_FILE_NAME="mux_a3e.tdf"/>
		<CBX_INST_ENTRY INSTANCE_NAME="|cpu_8|8cal:inst3|ADD:inst|lpm_add_sub:lpm_add_sub_component" CBX_FILE_NAME="add_sub_ckh.tdf"/>
		<CBX_INST_ENTRY INSTANCE_NAME="|cpu_8|8cal:inst3|SUB:inst1|lpm_add_sub:lpm_add_sub_component" CBX_FILE_NAME="add_sub_dlh.tdf"/>
		<CBX_INST_ENTRY INSTANCE_NAME="|cpu_8|8cal:inst3|gate:inst4|lpm_decode0:inst8|lpm_decode:lpm_decode_component" CBX_FILE_NAME="decode_3rf.tdf"/>
		<CBX_INST_ENTRY INSTANCE_NAME="|cpu_8|8cal:inst3|myMUX:inst9|LPM_MUX:lpm_mux_component" CBX_FILE_NAME="mux_h3e.tdf"/>
		<CBX_INST_ENTRY INSTANCE_NAME="|cpu_8|lpm_rom1:inst7|altsyncram:altsyncram_component" CBX_FILE_NAME="altsyncram_oma1.tdf"/>
		<CBX_INST_ENTRY INSTANCE_NAME="|cpu_8|reg_group:inst1|lpm_decode10:inst4|lpm_decode:lpm_decode_component" CBX_FILE_NAME="decode_uqf.tdf"/>
		<CBX_INST_ENTRY INSTANCE_NAME="|cpu_8|reg_group:inst1|lpm_mux0:inst9|LPM_MUX:lpm_mux_component" CBX_FILE_NAME="mux_a3e.tdf"/>
		<CBX_INST_ENTRY INSTANCE_NAME="|cpu_8|sequence_timer:inst4|lpm_counter0:inst1|lpm_counter:lpm_counter_component" CBX_FILE_NAME="cntr_q9j.tdf"/>
		<CBX_INST_ENTRY INSTANCE_NAME="|cpu_8|sequence_timer:inst4|lpm_decode1:inst|lpm_decode:lpm_decode_component" CBX_FILE_NAME="decode_moh.tdf"/>
	</PROJECT>
</LOG_ROOT>
